-- テスト用ユーザーの作成
INSERT INTO users (google_sub, sheet_name, name, email, role)
VALUES
  ('google_sub_1', 'ユーザー1', '山田太郎', 'yamada@example.com', 'admin'),
  ('google_sub_2', 'ユーザー2', '佐藤花子', 'sato@example.com', 'member'),
  ('google_sub_3', 'ユーザー3', '鈴木一郎', 'suzuki@example.com', 'member');

-- テスト用プロジェクトの作成
INSERT INTO projects (id, name, tag, detail)
VALUES
  ('11111111-1111-1111-1111-111111111111', 'プロジェクトA', 'development', 'プロジェクトAの詳細説明'),
  ('22222222-2222-2222-2222-222222222222', 'プロジェクトB', 'design', 'プロジェクトBの詳細説明'),
  ('33333333-3333-3333-3333-333333333333', 'プロジェクトC', 'marketing', 'プロジェクトCの詳細説明');

-- テスト用プロジェクトメンバーの作成
INSERT INTO project_members (project_id, user_id)
VALUES
  ('11111111-1111-1111-1111-111111111111', 1),
  ('11111111-1111-1111-1111-111111111111', 2),
  ('22222222-2222-2222-2222-222222222222', 1),
  ('22222222-2222-2222-2222-222222222222', 3),
  ('33333333-3333-3333-3333-333333333333', 2),
  ('33333333-3333-3333-3333-333333333333', 3);

-- テスト用イベントの作成
INSERT INTO events (user_id, title, description, start_time, end_time, work_type)
VALUES
  (1, '会議', 'プロジェクトAの進捗会議', '2023-06-01 10:00:00+09', '2023-06-01 12:00:00+09', 'office'),
  (1, 'クライアントミーティング', 'クライアントとの打ち合わせ', '2023-06-02 14:00:00+09', '2023-06-02 16:00:00+09', 'office'),
  (2, 'デザインレビュー', 'UIデザインのレビュー', '2023-06-01 13:00:00+09', '2023-06-01 15:00:00+09', 'remote'),
  (2, 'チームミーティング', '週次チームミーティング', '2023-06-03 10:00:00+09', '2023-06-03 11:00:00+09', 'office'),
  (3, 'コードレビュー', 'プルリクエストのレビュー', '2023-06-02 10:00:00+09', '2023-06-02 12:00:00+09', 'remote'),
  (3, 'トレーニング', '新機能のトレーニング', '2023-06-04 14:00:00+09', '2023-06-04 17:00:00+09', 'office');

-- テスト用タスクの作成
INSERT INTO tasks (user_id, title, project_id, tag, due_date, detail, status)
VALUES
  (1, 'デザイン作成', '11111111-1111-1111-1111-111111111111', 'design', '2023-06-10', 'ホーム画面のデザイン作成', 'open'),
  (1, 'API実装', '22222222-2222-2222-2222-222222222222', 'backend', '2023-06-15', 'ユーザー認証APIの実装', 'open'),
  (2, 'テスト作成', '11111111-1111-1111-1111-111111111111', 'testing', '2023-06-12', 'ユニットテストの作成', 'open'),
  (2, 'ドキュメント作成', '33333333-3333-3333-3333-333333333333', 'documentation', '2023-06-20', 'API仕様書の作成', 'open'),
  (3, 'バグ修正', '22222222-2222-2222-2222-222222222222', 'bugfix', '2023-06-08', 'ログイン画面のバグ修正', 'open'),
  (3, 'パフォーマンス改善', '33333333-3333-3333-3333-333333333333', 'performance', '2023-06-18', 'クエリのパフォーマンス改善', 'open');

-- テスト用勤怠データの作成
INSERT INTO attendance (user_id, date, attendance_log)
VALUES
  (1, '2023-06-01', '[{"type": "check_in", "time": "09:00:00"}, {"type": "break_start", "time": "12:00:00"}, {"type": "break_end", "time": "13:00:00"}, {"type": "check_out", "time": "18:00:00"}]'),
  (1, '2023-06-02', '[{"type": "check_in", "time": "09:30:00"}, {"type": "break_start", "time": "12:30:00"}, {"type": "break_end", "time": "13:30:00"}, {"type": "check_out", "time": "18:30:00"}]'),
  (2, '2023-06-01', '[{"type": "check_in", "time": "08:45:00"}, {"type": "break_start", "time": "12:15:00"}, {"type": "break_end", "time": "13:15:00"}, {"type": "check_out", "time": "17:45:00"}]'),
  (2, '2023-06-02', '[{"type": "check_in", "time": "09:15:00"}, {"type": "break_start", "time": "12:45:00"}, {"type": "break_end", "time": "13:45:00"}, {"type": "check_out", "time": "18:15:00"}]'),
  (3, '2023-06-01', '[{"type": "check_in", "time": "09:00:00"}, {"type": "break_start", "time": "12:00:00"}, {"type": "break_end", "time": "13:00:00"}, {"type": "check_out", "time": "18:00:00"}]'),
  (3, '2023-06-02', '[{"type": "check_in", "time": "09:30:00"}, {"type": "break_start", "time": "12:30:00"}, {"type": "break_end", "time": "13:30:00"}, {"type": "check_out", "time": "18:30:00"}]'); 